<?xml version="1.0" encoding="UTF-8"?>
<project-private xmlns="http://www.netbeans.org/ns/project-private/1">
    <editor-bookmarks xmlns="http://www.netbeans.org/ns/editor-bookmarks/2" lastBookmarkId="0"/>
    <open-files xmlns="http://www.netbeans.org/ns/projectui-open-files/2">
        <group>
            <file>file:/C:/Users/kelly/OneDrive/Documentos/NetBeansProjects/Programacao/src/Usuario.java</file>
            <file>file:/C:/Users/kelly/OneDrive/Documentos/NetBeansProjects/Programacao/src/Principal.java</file>
            <file>file:/C:/Users/kelly/OneDrive/Documentos/NetBeansProjects/Programacao/src/TelaDevolverExemplar.java</file>
            <file>file:/C:/Users/kelly/OneDrive/Documentos/NetBeansProjects/Programacao/src/BibliotecaDAO.java</file>
            <file>file:/C:/Users/kelly/OneDrive/Documentos/NetBeansProjects/Programacao/src/UsuarioService.java</file>
            <file>file:/C:/Users/kelly/OneDrive/Documentos/NetBeansProjects/Programacao/src/TelaMudarSenha.java</file>
            <file>file:/C:/Users/kelly/OneDrive/Documentos/NetBeansProjects/Programacao/src/TelaEmprestarExemplar.java</file>
            <file>file:/C:/Users/kelly/OneDrive/Documentos/NetBeansProjects/Programacao/src/TelaCatalogarLivros.java</file>
            <file>file:/C:/Users/kelly/OneDrive/Documentos/NetBeansProjects/Programacao/src/TelaRenovarEmprestimo.java</file>
            <file>file:/C:/Users/kelly/OneDrive/Documentos/NetBeansProjects/Programacao/src/UsuarioDAO.java</file>
            <file>file:/C:/Users/kelly/OneDrive/Documentos/NetBeansProjects/Programacao/src/TelaMenu.java</file>
            <file>file:/C:/Users/kelly/OneDrive/Documentos/NetBeansProjects/Programacao/src/BibliotecaService.java</file>
            <file>file:/C:/Users/kelly/OneDrive/Documentos/NetBeansProjects/Programacao/src/TelaLogin.java</file>
            <file>file:/C:/Users/kelly/OneDrive/Documentos/NetBeansProjects/Programacao/src/TelaControlarHistorico.java</file>
            <file>file:/C:/Users/kelly/OneDrive/Documentos/NetBeansProjects/Programacao/src/LivroDAO.java</file>
            <file>file:/C:/Users/kelly/OneDrive/Documentos/NetBeansProjects/Programacao/src/LivroService.java</file>
            <file>file:/C:/Users/kelly/OneDrive/Documentos/NetBeansProjects/Programacao/src/Conexao.java</file>
            <file>file:/C:/Users/kelly/OneDrive/Documentos/NetBeansProjects/Programacao/src/Biblioteca.java</file>
            <file>file:/C:/Users/kelly/OneDrive/Documentos/NetBeansProjects/Programacao/src/TelaCadastrarusuario.java</file>
            <file>file:/C:/Users/kelly/OneDrive/Documentos/NetBeansProjects/Programacao/src/TelaDesativarConta.java</file>
            <file>file:/C:/Users/kelly/OneDrive/Documentos/NetBeansProjects/Programacao/src/Livro.java</file>
        </group>
    </open-files>
</project-private>
